Year,Code,Name,Recreation Visits,"Visitor
Spending",Jobs Supported,Labor Income ,Value Added,"Economic
Output"
2024,ACAD,Acadia National Park,"3,961,661","$538,906","5,304","$243,133","$459,921","$744,545"
2024,ARCH,Arches National Park,"1,466,528","$287,785","2,502","$94,522","$183,289","$312,122"
2024,BADL,Badlands National Park,"1,094,245","$143,206","1,410","$58,901","$111,301","$191,413"
2024,BIBE,Big Bend National Park,"561,458","$56,817",585,"$17,269","$34,443","$63,707"
2024,BISC,Biscayne National Park,"512,213","$39,679",362,"$19,190","$34,520","$55,023"
2024,BLCA,Black Canyon Of The Gunnison National Park,"335,862","$25,238",209,"$10,258","$19,050","$30,348"
2024,BRCA,Bryce Canyon National Park,"2,498,075","$244,884","2,334","$69,263","$139,948","$270,134"
2024,CANY,Canyonlands National Park,"818,492","$116,288","1,011","$38,241","$74,267","$125,599"
2024,CARE,Capitol Reef National Park,"1,422,490","$127,194","1,237","$36,060","$74,847","$141,624"
2024,CAVE,Carlsbad Caverns National Park,"460,474","$35,714",335,"$11,964","$22,305","$38,538"
2024,CHIS,Channel Islands National Park,"262,581","$17,742",161,"$9,228","$15,833","$24,863"
2024,CONG,Congaree National Park,"242,049","$14,609",134,"$5,229","$10,373","$17,586"
2024,CRLA,Crater Lake National Park,"504,942","$53,516",564,"$25,152","$43,405","$74,295"
2024,CUVA,Cuyahoga Valley National Park,"2,912,454","$143,920","1,598","$71,532","$126,137","$213,710"
2024,DEVA,Death Valley National Park,"1,440,484","$146,167","1,343","$66,664","$119,573","$191,059"
2024,DENA,Denali National Park & Preserve,"466,227","$611,952","5,659","$297,298","$539,589","$879,690"
2024,DRTO,Dry Tortugas National Park (formerly Fort Jefferson National Monument),"84,873","$6,250",49,"$2,346","$4,333","$6,824"
2024,EVER,Everglades National Park,"741,983","$114,601","1,126","$62,589","$111,133","$175,943"
2024,GAAR,Gates of the Arctic National Park & Preserve,"11,907","$23,177",217,"$11,270","$20,368","$33,207"
2024,JEFF,Gateway Arch National Park (formerly Jefferson National Expansion Memorial),"2,563,052","$184,599","2,157","$104,231","$179,764","$300,650"
2024,GLBA,Glacier Bay National Park & Preserve,"736,282","$333,265","3,088","$166,755","$302,943","$521,384"
2024,GLAC,Glacier National Park,"3,208,755","$457,955","5,188","$217,176","$359,081","$656,188"
2024,GOSP,Golden Spike National Park (Historic Site),"55,285","$3,780",39,"$1,690","$3,127","$5,294"
2024,GRCA,Grand Canyon National Park,"4,919,163","$905,346","8,778","$393,248","$697,736","$1,143,263"
2024,GRTE,Grand Teton National Park,"3,628,222","$807,563","6,861","$329,149","$593,456","$983,519"
2024,GRBA,Great Basin National Park,"152,068","$16,742",146,"$7,607","$14,022","$22,709"
2024,GRSA,Great Sand Dunes National Park & Preserve,"437,661","$29,547",261,"$8,525","$17,025","$30,898"
2024,GRSM,Great Smoky Mountains National Park,"12,191,834","$2,041,287","20,349","$1,015,336","$1,779,662","$2,857,978"
2024,GUMO,Guadalupe Mountains National Park,"226,134","$28,092",245,"$9,687","$18,483","$32,339"
2024,HALE,Haleakalā National Park,"732,477","$56,001",439,"$23,729","$46,922","$70,168"
2024,HAVO,Hawai'i Volcanoes National Park,"1,433,593","$445,429","3,605","$187,562","$379,589","$570,869"
2024,HOSP,Hot Springs National Park,"2,461,812","$189,775","2,125","$72,527","$141,290","$253,410"
2024,INDU,Indiana Dunes National Park (National Lakeshore),"2,705,209","$142,760","1,228","$67,877","$124,668","$192,936"
2024,ISRO,Isle Royale National Park,"28,806","$11,950",95,"$3,759","$7,242","$14,175"
2024,JOTR,Joshua Tree National Park,"2,991,874","$179,292","1,633","$73,560","$130,440","$214,109"
2024,KATM,Katmai National Park & Preserve,"36,230","$70,525",659,"$34,294","$61,978","$101,043"
2024,KEFJ,Kenai Fjords National Park,"419,468","$92,753","1,187","$49,649","$77,447","$131,149"
2024,KOVA,Kobuk Valley National Park,"17,233","$33,545",314,"$16,312","$29,480","$48,061"
2024,LACL,Lake Clark National Park & Preserve,"18,505","$36,022",337,"$17,516","$31,656","$51,610"
2024,LAVO,Lassen Volcanic National Park,"357,651","$34,895",320,"$13,748","$23,996","$40,687"
2024,MACA,Mammoth Cave National Park,"747,042","$73,238",883,"$31,099","$53,157","$97,26"
2024,MEVE,Mesa Verde National Park,"480,065","$60,171",572,"$22,253","$43,001","$73,506"
2024,MORA,Mount Rainier National Park,"1,620,006","$72,212",522,"$30,785","$61,567","$90,953"
2024,NOCA,North Cascades National Park,"16,485",$950,6,$378,$759,"$1,096"
2024,OLYM,Olympic National Park,"3,717,267","$380,177","2,881","$176,052","$352,978","$515,816"
2024,PEFO,Petrified Forest National Park,"559,254","$43,357",396,"$15,975","$28,992","$48,958"
2024,PINN,Pinnacles National Park,"354,076","$25,256",159,"$11,425","$19,313","$27,783"
2024,ROMO,Rocky Mountain National Park,"4,154,349","$587,882","5,421","$303,569","$541,630","$861,831"
2024,SAGU,Saguaro National Park,"946,369","$73,327",736,"$37,026","$66,612","$108,195"
2024,SEKI,Sequoia & Kings Canyon National Parks,"2,008,962","192,502","1,835","79,020","137,860","230,928"
2024,SHEN,Shenandoah National Park,"1,720,211","$132,363","1,184","$61,895","$112,779","$175,083"
2024,THRO,Theodore Roosevelt National Park,"732,951","$55,795",558,"$19,040","$34,640","$62,557"
2024,VIIS,Virgin Islands National Park,"423,029","$75,989",657,"$34,203","$68,985","$105,838"
2024,VOYA,Voyageurs National Park,"199,030","$19,645",193,"$8,062","$14,182","$24,088"
2024,WHSA,White Sands National Park (formerly White Sands National Monument),"702,236","$62,354",625,"$23,511","$43,926","$79,704"
2024,WICA,Wind Cave National Park,"489,399","$48,637",481,"$19,213","$37,451","$63,464"
2024,WRST,Wrangell - St. Elias National Park & Preserve,"81,670","$158,974","1,486","$77,303","$139,707","$227,766"
2024,YELL,Yellowstone National Park,"4,744,353","$709,686","6,563","$322,325","$544,337","$903,058"
2024,YOSE,Yosemite National Park,"4,121,807","$628,956","6,107","$270,610","$476,262","$795,492"
2024,ZION,Zion National Park,"4,946,592","$774,194","8,564","$282,472","$556,282","$1,048,947"
2023,ACAD,Acadia National Park,"3,879,890","$475,175","6,603","$229,830","$390,600","$685,376"
2023,ARCH,Arches National Park,"1,482,045","$282,826","3,654","$115,764","$194,441","$345,830"
2023,BADL,Badlands National Park,"1,046,400","$134,579","1,916","$62,407","$107,624","$193,285"
2023,BIBE,Big Bend National Park,"509,129","$48,513",657,"$18,723","$29,810","$56,205"
2023,BISC,Biscayne National Park,"571,242","$42,063",540,"$21,267","$35,950","$61,171"
2023,BLCA,Black Canyon Of The Gunnison National Park,"357,069","$25,557",295,"$11,051","$18,492","$31,901"
2023,BRCA,Bryce Canyon National Park,"2,461,269","$231,942","3,190","$73,488","$125,354","$249,380"
2023,CANY,Canyonlands National Park,"800,322","$106,090","1,373","$42,757","$72,406","$129,549"
2023,CARE,Capitol Reef National Park,"1,268,861","$110,571","1,526","$33,710","$65,043","$127,124"
2023,CAVE,Carlsbad Caverns National Park,"394,121","$29,087",359,"$10,044","$17,246","$31,869"
2023,CHIS,Channel Islands National Park,"328,746","$22,588",266,"$13,111","$20,685","$33,094"
2023,CONG,Congaree National Park,"250,114","$14,881",173,"$5,713","$10,182","$17,955"
2023,CRLA,Crater Lake National Park,"559,976","$55,235",780,"$29,848","$45,883","$80,551"
2023,CUVA,Cuyahoga Valley National Park,"2,860,059","$138,684","2,136","$83,701","$130,956","$224,751"
2023,DEVA,Death Valley National Park,"1,099,632","$103,270","1,203","$50,595","$85,582","$137,280"
2023,DENA,Denali National Park & Preserve,"498,722","$559,409","7,785","$306,273","$491,620","$840,346"
2023,DRTO,Dry Tortugas National Park (formerly Fort Jefferson National Monument),"84,285","$5,885",62,"$2,364","$4,010","$6,671"
2023,EVER,Everglades National Park,"810,189","$120,646","1,749","$72,267","$120,342","$198,231"
2023,GAAR,Gates of the Arctic National Park & Preserve,"11,045","$18,471",258,"$10,102","$16,124","$27,642"
2023,JEFF,Gateway Arch National Park (formerly Jefferson National Expansion Memorial),"2,422,836","$170,178","2,687","$108,417","$173,054","$297,769"
2023,GLBA,Glacier Bay National Park & Preserve,"703,659","$291,717","3,644","$163,824","$254,593","$498,492"
2023,GLAC,Glacier National Park,"2,933,616","$372,129","5,725","$186,811","$287,572","$554,585"
2023,GOSP,Golden Spike National Park (Historic Site),"53,015","$3,474",47,"$1,614","$2,761","$4,971"
2023,GRCA,Grand Canyon National Park,"4,733,705","$768,411","10,060","$350,177","$582,513","$1,022,191"
2023,GRTE,Grand Teton National Park,"3,417,106","$737,983","9,369","$330,747","$541,797","$936,251"
2023,GRBA,Great Basin National Park,"143,265","$15,416",180,"$7,692","$13,217","$21,765"
2023,GRSA,Great Sand Dunes National Park & Preserve,"512,219","$34,284",427,"$11,236","$19,655","$37,941"
2023,GRSM,Great Smoky Mountains National Park,"13,297,647","$2,198,538","33,748","$1,267,581","$2,000,786","$3,397,905"
2023,GUMO,Guadalupe Mountains National Park,"227,340","$27,545",325,"$11,180","$18,633","$32,680"
2023,HALE,Haleakalā National Park,"791,292","$57,541",556,"$25,589","$47,193","$72,127"
2023,HAVO,Hawai'i Volcanoes National Park,"1,620,294","$154,595","1,586","$71,769","$133,618","$203,117"
2023,HOSP,Hot Springs National Park,"2,502,967","$184,190","2,591","$72,481","$131,576","$247,690"
2023,INDU,Indiana Dunes National Park (National Lakeshore),"2,765,892","$139,824","1,655","$79,238","$126,206","$206,254"
2023,ISRO,Isle Royale National Park,"28,965","$12,069",140,"$3,863","$6,780","$14,821"
2023,JOTR,Joshua Tree National Park,"3,270,404","$185,818","2,202","$83,720","$135,427","$227,384"
2023,KATM,Katmai National Park & Preserve,"33,763","$56,471",788,"$30,883","$49,295","$84,506"
2023,KEFJ,Kenai Fjords National Park,"387,525","$77,071","1,322","$47,815","$64,799","$117,498"
2023,KOVA,Kobuk Valley National Park,"17,616","$29,464",411,"$16,113","$25,720","$44,092"
2023,LACL,Lake Clark National Park & Preserve,"16,728","$27,981",390,"$15,302","$24,425","$41,872"
2023,LAVO,Lassen Volcanic National Park,"418,978","$40,318",507,"$19,427","$30,619","$51,059"
2023,MACA,Mammoth Cave National Park,"654,450","$62,024",822,"$32,873","$52,870","$89,560"
2023,MEVE,Mesa Verde National Park,"505,194","$59,482",776,"$23,184","$40,985","$75,637"
2023,MORA,Mount Rainier National Park,"1,674,294","$70,722",718,"$33,767","$59,221","$92,211"
2023,NOCA,North Cascades National Park,"40,351","$2,514",24,"$1,186","$2,055","$3,114"
2023,OLYM,Olympic National Park,"2,947,503","$279,236","2,990","$143,365","$255,285","$393,205"
2023,PEFO,Petrified Forest National Park,"520,491","$38,396",451,"$14,635","$24,671","$43,956"
2023,PINN,Pinnacles National Park,"341,220","$23,860",204,"$12,552","$19,056","$27,541"
2023,ROMO,Rocky Mountain National Park,"4,115,837","$568,527","7,833","$341,870","$551,120","$888,656"
2023,SAGU,Saguaro National Park,"1,010,906","$74,523",982,"$38,786","$65,606","$112,857"
2023,SEKI,Sequoia & Kings Canyon National Parks,"1,623,632","$145,570","1,786","$67,189","$108,030","$182,892"
2023,SHEN,Shenandoah National Park,"1,576,008","$114,436","1,351","$60,838","$99,409","$159,697"
2023,THRO,Theodore Roosevelt National Park,"746,862","$54,223",645,"$19,396","$32,967","$60,054"
2023,VIIS,Virgin Islands National Park,"343,685","$55,201",617,"$27,007","$51,208","$77,716"
2023,VOYA,Voyageurs National Park,"220,825","$20,356",279,"$8,028","$13,756","$25,640"
2023,WHSA,White Sands National Park (formerly White Sands National Monument),"729,096","$44,451",595,"$16,928","$27,341","$53,386"
2023,WICA,Wind Cave National Park,"592,459","$52,011",727,"$22,867","$40,501","$74,016"
2023,WRST,Wrangell - St. Elias National Park & Preserve,"78,305","$130,973","1,827","$71,628","$114,330","$195,996"
2023,YELL,Yellowstone National Park,"4,501,382","$623,274","8,561","$290,663","$451,782","$828,347"
2023,YOSE,Yosemite National Park,"3,897,070","$526,566","6,664","$257,591","$421,894","$724,563"
2023,ZION,Zion National Park,"4,623,238","$676,040","10,782","$279,218","$495,371","$967,289"
2022,ACAD,Acadia National Park,"3,970,260","$478,821","6,695","$231,941","$394,168","$690,712"
2022,ARCH,Arches National Park,"1,460,652","$274,172","3,558","$112,310","$188,653","$335,174"
2022,BADL,Badlands National Park,"1,006,809","$73,746",991,"$29,025","$50,916","$95,334"
2022,BIBE,Big Bend National Park,"514,107","$48,061",655,"$18,559","$29,560","$55,676"
2022,BISC,Biscayne National Park,"701,023","$50,949",659,"$25,797","$43,606","$74,118"
2022,BLCA,Black Canyon Of The Gunnison National Park,"297,257","$20,930",243,"$9,059","$15,154","$26,108"
2022,BRCA,Bryce Canyon National Park,"2,354,660","$218,608","3,019","$69,296","$118,191","$234,954"
2022,CANY,Canyonlands National Park,"779,147","$101,464","1,319","$40,896","$69,246","$123,758"
2022,CARE,Capitol Reef National Park,"1,227,608","$105,561","1,462","$32,199","$62,120","$121,297"
2022,CAVE,Carlsbad Caverns National Park,"390,932","$28,452",353,"$9,838","$16,890","$31,166"
2022,CHIS,Channel Islands National Park,"323,245","$21,775",258,"$12,639","$19,935","$31,853"
2022,CONG,Congaree National Park,"204,522","$11,831",138,"$4,534","$8,073","$14,224"
2022,CRLA,Crater Lake National Park,"527,259","$51,208",728,"$27,714","$42,626","$74,757"
2022,CUVA,Cuyahoga Valley National Park,"2,913,312","$55,996",778,"$30,380","$48,069","$86,244"
2022,DEVA,Death Valley National Park,"1,128,862","$104,819","1,228","$51,435","$86,947","$139,299"
2022,DENA,Denali National Park & Preserve,"427,562","$474,887","6,641","$260,213","$417,656","$713,505"
2022,DRTO,Dry Tortugas National Park (formerly Fort Jefferson National Monument),"78,488","$5,403",58,"$2,173","$3,686","$6,123"
2022,EVER,Everglades National Park,"1,155,193","$124,649","1,730","$66,665","$114,028","$192,518"
2022,GAAR,Gates of the Arctic National Park & Preserve,"9,457","$15,611",219,"$8,544","$13,634","$23,361"
2022,JEFF,Gateway Arch National Park (formerly Jefferson National Expansion Memorial),"1,618,774","$112,076","1,781","$71,532","$114,178","$196,236"
2022,GLBA,Glacier Bay National Park & Preserve,"545,758","$223,677","2,824","$126,214","$196,012","$382,678"
2022,GLAC,Glacier National Park,"2,908,458","$367,589","5,691","$184,793","$284,541","$548,417"
2022,GOSP,Golden Spike National Park (Historic Site),"49,042","$3,169",43,"$1,475","$2,522","$4,536"
2022,GRCA,Grand Canyon National Park,"4,732,101","$758,899","9,991","$346,332","$576,355","$1,010,477"
2022,GRTE,Grand Teton National Park,"2,806,223","$597,470","7,608","$267,468","$438,271","$757,041"
2022,GRBA,Great Basin National Park,"142,115","$9,151",122,"$2,644","$4,847","$9,668"
2022,GRSA,Great Sand Dunes National Park & Preserve,"493,428","$32,538",408,"$10,668","$18,659","$35,980"
2022,GRSM,Great Smoky Mountains National Park,"12,937,633","$2,110,462","32,590","$1,218,335","$1,922,997","$3,262,390"
2022,GUMO,Guadalupe Mountains National Park,"219,987","$26,288",311,"$10,671","$17,784","$31,165"
2022,HALE,Haleakalā National Park,"1,087,616","$78,419",764,"$34,951","$64,475","$98,412"
2022,HAVO,Hawai'i Volcanoes National Park,"1,580,961","$148,615","1,534","$69,074","$128,524","$195,158"
2022,HOSP,Hot Springs National Park,"2,646,133","$191,724","2,713","$75,533","$137,087","$257,732"
2022,INDU,Indiana Dunes National Park (National Lakeshore),"2,834,180","$141,327","1,685","$80,203","$127,743","$208,509"
2022,ISRO,Isle Royale National Park,"25,454","$10,368",120,"$3,314","$5,809","$12,738"
2022,JOTR,Joshua Tree National Park,"3,058,294","$171,013","2,037","$77,112","$124,692","$209,054"
2022,KATM,Katmai National Park & Preserve,"33,908","$55,973",785,"$30,636","$48,885","$83,763"
2022,KEFJ,Kenai Fjords National Park,"389,943","$76,465","1,320","$47,578","$64,499","$116,680"
2022,KOVA,Kobuk Valley National Park,"16,925","$27,939",392,"$15,292","$24,401","$41,810"
2022,LACL,Lake Clark National Park & Preserve,"18,187","$30,024",421,"$16,433","$26,222","$44,930"
2022,LAVO,Lassen Volcanic National Park,"446,291","$30,014",371,"$12,738","$20,341","$35,786"
2022,MACA,Mammoth Cave National Park,"663,147","$62,024",828,"$32,923","$52,970","$89,639"
2022,MEVE,Mesa Verde National Park,"499,790","$58,031",762,"$22,652","$40,039","$73,794"
2022,MORA,Mount Rainier National Park,"1,622,395","$67,234",687,"$32,128","$56,333","$87,612"
2022,NOCA,North Cascades National Park,"30,154","$1,639",15,$758,"$1,293","$1,955"
2022,OLYM,Olympic National Park,"2,432,972","$227,620","2,453","$117,022","$208,138","$320,238"
2022,PEFO,Petrified Forest National Park,"505,209","$36,752",434,"$14,026","$23,644","$42,065"
2022,PINN,Pinnacles National Park,"275,023","$18,922",162,"$9,962","$15,116","$21,802"
2022,ROMO,Rocky Mountain National Park,"4,300,424","$583,794","8,082","$351,160","$566,000","$911,894"
2022,SAGU,Saguaro National Park,"908,194","$66,012",876,"$34,400","$58,183","$99,981"
2022,SEKI,Sequoia & Kings Canyon National Parks,"1,794,184","157,530","1,933","72,556","116,412","196,461"
2022,SHEN,Shenandoah National Park,"1,449,300","$104,152","1,239","$55,478","$90,656","$145,464"
2022,THRO,Theodore Roosevelt National Park,"668,679","$47,721",570,"$17,091","$29,032","$52,799"
2022,VIIS,Virgin Islands National Park,"196,752","$31,028",347,"$15,075","$28,661","$43,520"
2022,VOYA,Voyageurs National Park,"221,434","$20,136",278,"$7,953","$13,645","$25,414"
2022,WHSA,White Sands National Park (formerly White Sands National Monument),"705,127","$42,405",572,"$16,168","$26,111","$50,919"
2022,WICA,Wind Cave National Park,"607,418","$52,696",741,"$23,201","$41,099","$75,038"
2022,WRST,Wrangell - St. Elias National Park & Preserve,"65,236","$107,689","1,510","$58,942","$94,051","$161,154"
2022,YELL,Yellowstone National Park,"3,290,242","$452,025","6,234","$210,832","$327,536","$599,600"
2022,YOSE,Yosemite National Park,"3,667,550","$497,552","6,314","$243,403","$398,697","$683,739"
2022,ZION,Zion National Park,"4,692,417","$672,427","10,777","$277,900","$492,714","$961,270"
2021,ACAD,Acadia National Park,"4,069,098","$486,056","6,841","$236,009","$401,158","$702,038"
2021,ARCH,Arches National Park,"1,806,865","$236,999","3,229","$94,614","$160,803","$294,344"
2021,BADL,Badlands National Park,"1,224,226","$88,287","1,193","$34,782","$61,008","$114,085"
2021,BIBE,Big Bend National Park,"581,220","$53,078",726,"$20,472","$32,565","$61,238"
2021,BISC,Biscayne National Park,"705,655","$50,551",658,"$25,625","$43,312","$73,538"
2021,BLCA,Black Canyon Of The Gunnison National Park,"308,910","$21,401",250,"$9,270","$15,505","$26,676"
2021,BRCA,Bryce Canyon National Park,"2,104,600","$194,832","2,693","$78,801","$135,874","$252,003"
2021,CANY,Canyonlands National Park,"911,594","$62,875",777,"$22,784","$38,827","$71,270"
2021,CARE,Capitol Reef National Park,"1,405,353","$113,355","1,361","$42,947","$74,236","$131,894"
2021,CAVE,Carlsbad Caverns National Park,"349,244","$25,066",312,"$8,679","$14,898","$27,448"
2021,CHIS,Channel Islands National Park,"319,252","$21,278",254,"$12,373","$19,516","$31,155"
2021,CONG,Congaree National Park,"215,181","$12,311",145,"$4,727","$8,416","$14,808"
2021,CRLA,Crater Lake National Park,"647,751","$61,964",887,"$33,579","$51,661","$90,509"
2021,CUVA,Cuyahoga Valley National Park,"2,575,275","$48,712",681,"$26,464","$41,878","$75,054"
2021,DEVA,Death Valley National Park,"1,146,551","$104,182","1,228","$51,126","$86,399","$138,262"
2021,DENA,Denali National Park & Preserve,"229,521","$255,220","3,585","$139,985","$224,864","$383,763"
2021,DRTO,Dry Tortugas National Park (formerly Fort Jefferson National Monument),"83,817","$5,696",61,"$2,294","$3,892","$6,456"
2021,EVER,Everglades National Park,"942,130","$100,209","1,401","$53,662","$91,766","$154,787"
2021,GAAR,Gates of the Arctic National Park & Preserve,"7,362","$11,995",169,"$6,571","$10,481","$17,951"
2021,JEFF,Gateway Arch National Park (formerly Jefferson National Expansion Memorial),"1,145,081","$126,069","2,048","$72,060","$115,892","$210,056"
2021,GLBA,Glacier Bay National Park & Preserve,"89,768","$39,104",521,"$22,521","$34,641","$66,370"
2021,GLAC,Glacier National Park,"3,081,656","$383,738","5,975","$193,050","$297,111","$572,155"
2021,GOSP,Golden Spike National Park (Historic Site),"4,532,677","$710,256","9,390","$324,318","$539,433","$944,693"
2021,GRCA,Grand Canyon National Park,"4,532,677","$710,256","9,390","$324,318","$539,433","$944,693"
2021,GRTE,Grand Teton National Park,"3,885,230","$774,059","10,544","$357,591","$560,827","$1,021,772"
2021,GRBA,Great Basin National Park,"144,875","$9,120",122,"$2,634","$4,825","$9,608"
2021,GRSA,Great Sand Dunes National Park & Preserve,"602,613","$41,277",536,"$16,956","$29,116","$52,415"
2021,GRSM,Great Smoky Mountains National Park,"14,161,548","$1,292,745","18,807","$618,010","$1,036,519","$1,845,873"
2021,GUMO,Guadalupe Mountains National Park,"243,291","$16,832",234,"$6,597","$10,788","$20,694"
2021,HALE,Haleakalā National Park,"853,181","$61,017",598,"$27,256","$50,295","$76,667"
2021,HAVO,Hawai'i Volcanoes National Park,"1,262,747","$117,162","1,218","$54,541","$101,491","$153,928"
2021,HOSP,Hot Springs National Park,"2,162,884","$154,494","2,199","$60,944","$110,594","$207,667"
2021,INDU,Indiana Dunes National Park (National Lakeshore),"3,177,210","$156,287","1,877","$88,812","$141,460","$230,617"
2021,ISRO,Isle Royale National Park,"25,844","$5,903",101,"$1,937","$3,535","$7,126"
2021,JOTR,Joshua Tree National Park,"3,064,400","$169,725","2,037","$76,696","$124,069","$207,828"
2021,KATM,Katmai National Park & Preserve,"24,764","$40,348",569,"$22,102","$35,257","$60,382"
2021,KEFJ,Kenai Fjords National Park,"411,782","$79,270","1,379","$49,496","$67,062","$121,073"
2021,KOVA,Kobuk Valley National Park,"11,540","$18,802",265,"$10,300","$16,430","$28,138"
2021,LACL,Lake Clark National Park & Preserve,"18,278","$29,779",420,"$16,312","$26,021","$44,565"
2021,LAVO,Lassen Volcanic National Park,"359,635","$24,328",304,"$10,371","$16,574","$29,146"
2021,MACA,Mammoth Cave National Park,"515,774","$47,874",643,"$25,464","$40,940","$69,198"
2021,MEVE,Mesa Verde National Park,"548,477","$62,609",825,"$24,452","$43,215","$79,532"
2021,MORA,Mount Rainier National Park,"1,670,063","$66,989",688,"$31,951","$55,935","$86,927"
2021,NOCA,North Cascades National Park,"17,855",$953,9,$441,$751,"$1,134"
2021,OLYM,Olympic National Park,"2,718,925","$250,067","2,711","$128,686","$228,921","$351,839"
2021,PEFO,Petrified Forest National Park,"590,334","$42,363",503,"$16,190","$27,289","$48,480"
2021,PINN,Pinnacles National Park,"348,857","$24,259",252,"$12,439","$19,214","$29,895"
2021,ROMO,Rocky Mountain National Park,"4,434,848","$323,329","4,421","$183,477","$302,571","$512,723"
2021,SAGU,Saguaro National Park,"1,079,786","$77,419","1,034","$40,396","$68,323","$117,279"
2021,SEKI,Sequoia & Kings Canyon National Parks,"1,622,466","139,873","1,722","64,414","103,282","174,016"
2021,SHEN,Shenandoah National Park,"1,592,312","$112,718","1,349","$60,105","$98,200","$157,384"
2021,THRO,Theodore Roosevelt National Park,"796,085","$56,160",675,"$20,141","$34,221","$62,153"
2021,VIIS,Virgin Islands National Park,"323,999","$49,346",565,"$24,367","$45,975","$69,625"
2021,VOYA,Voyageurs National Park,"243,042","$21,583",299,"$8,521","$14,553","$27,030"
2021,WHSA,White Sands National Park (formerly White Sands National Monument),"782,469","$46,418",630,"$17,717","$28,611","$55,724"
2021,WICA,Wind Cave National Park,"709,001","$60,708",858,"$26,758","$47,401","$86,463"
2021,WRST,Wrangell - St. Elias National Park & Preserve,"50,189","$81,772","1,152","$44,793","$71,453","$122,374"
2021,YELL,Yellowstone National Park,"4,860,242","$630,282","8,736","$294,034","$456,424","$834,335"
2021,YOSE,Yosemite National Park,"3,287,595","$437,281","5,595","$214,391","$351,323","$602,564"
2021,ZION,Zion National Park,"5,039,835","$667,486","10,743","$275,750","$486,845","$947,380"
2020,ACAD,Acadia National Park,"2,669,034","$303,734","4,368","$134,853","$240,528","$411,030"
2020,ARCH,Arches National Park,"1,238,083","$151,684","2,323","$61,839","$109,729","$199,487"
2020,BADL,Badlands National Park,"916,932","$60,511",847,"$23,940","$41,344","$76,026"
2020,BIBE,Big Bend National Park,"393,907","$33,539",486,"$10,916","$20,053","$37,678"
2020,BISC,Biscayne National Park,"402,770","$26,489",347,"$13,169","$22,824","$37,147"
2020,BLCA,Black Canyon Of The Gunnison National Park,"341,619","$21,782",271,"$9,279","$16,230","$26,811"
2020,BRCA,Bryce Canyon National Park,"1,464,655","$125,173","1,810","$47,009","$83,256","$151,322"
2020,CANY,Canyonlands National Park,"493,914","$30,975",436,"$11,602","$20,276","$36,993"
2020,CARE,Capitol Reef National Park,"981,038","$72,429",954,"$25,289","$45,286","$82,231"
2020,CAVE,Carlsbad Caverns National Park,"183,835","$12,100",162,"$4,413","$7,464","$13,639"
2020,CHIS,Channel Islands National Park,"167,290","$9,816",122,"$5,348","$8,686","$13,679"
2020,CONG,Congaree National Park,"119,306","$6,186",77,"$2,387","$4,259","$7,321"
2020,CRLA,Crater Lake National Park,"670,501","$58,562",843,"$27,714","$45,622","$78,495"
2020,CUVA,Cuyahoga Valley National Park,"2,755,628","$48,457",709,"$24,396","$40,703","$70,207"
2020,DEVA,Death Valley National Park,"820,023","$68,752",845,"$33,079","$55,548","$88,425"
2020,DENA,Denali National Park & Preserve,"54,849","$57,713",703,"$27,170","$51,229","$82,511"
2020,DRTO,Dry Tortugas National Park (formerly Fort Jefferson National Monument),"48,542","$2,981",34,"$1,206","$2,080","$3,362"
2020,EVER,Everglades National Park,"702,319","$69,129",944,"$36,046","$63,416","$103,057"
2020,GAAR,Gates of the Arctic National Park & Preserve,"2,872","$4,417",54,"$2,078","$3,890","$6,292"
2020,JEFF,Gateway Arch National Park (formerly Jefferson National Expansion Memorial),"486,021","$49,611",831,"$26,614","$44,498","$78,336"
2020,GLBA,Glacier Bay National Park & Preserve,"5,748","$2,061",26,"$1,045","$1,755","$3,161"
2020,GLAC,Glacier National Park,"1,698,865","$203,591","3,082","$96,935","$159,886","$287,295"
2020,GOSP,Golden Spike National Park (Historic Site),"53,106","$3,104",47,"$1,465","$2,474","$4,378"
2020,GRCA,Grand Canyon National Park,"2,897,098","$433,426","5,730","$172,989","$309,269","$530,327"
2020,GRTE,Grand Teton National Park,"3,289,638","$598,240","8,176","$260,898","$439,161","$754,041"
2020,GRBA,Great Basin National Park,"120,247","$7,121",99,"$2,199","$3,842","$7,358"
2020,GRSA,Great Sand Dunes National Park & Preserve,"461,532","$29,512",400,"$11,652","$20,452","$35,949"
2020,GRSM,Great Smoky Mountains National Park,"12,095,721","$1,024,024","14,707","$468,985","$801,570","$1,387,955"
2020,GUMO,Guadalupe Mountains National Park,"151,256","$9,673",135,"$3,653","$6,379","$11,690"
2020,HALE,Haleakalā National Park,"319,147","$20,936",221,"$9,508","$17,381","$26,641"
2020,HAVO,Hawai'i Volcanoes National Park,"589,775","$50,224",552,"$23,398","$43,424","$66,516"
2020,HOSP,Hot Springs National Park,"1,348,215","$88,090","1,310","$33,858","$63,281","$114,842"
2020,INDU,Indiana Dunes National Park (National Lakeshore),"2,293,106","$103,047","1,234","$53,371","$90,347","$140,651"
2020,ISRO,Isle Royale National Park,"6,493","$1,104",17,$344,$622,"$1,200"
2020,JOTR,Joshua Tree National Park,"2,399,542","$121,857","1,512","$60,065","$102,413","$163,752"
2020,KATM,Katmai National Park & Preserve,"51,511","$79,269",975,"$37,287","$69,812","$112,909"
2020,KEFJ,Kenai Fjords National Park,"115,882","$21,215",363,"$11,597","$17,692","$30,560"
2020,KOVA,Kobuk Valley National Park,"11,185","$17,214",212,"$8,097","$15,161","$24,520"
2020,LACL,Lake Clark National Park & Preserve,"4,948","$7,617",94,"$3,583","$6,709","$10,850"
2020,LAVO,Lassen Volcanic National Park,"542,274","$33,295",444,"$12,835","$21,287","$37,718"
2020,MACA,Mammoth Cave National Park,"290,392","$25,146",333,"$12,307","$21,089","$34,507"
2020,MEVE,Mesa Verde National Park,"287,477","$30,196",425,"$11,524","$20,724","$37,437"
2020,MORA,Mount Rainier National Park,"1,160,753","$41,074",445,"$18,741","$33,547","$51,251"
2020,NOCA,North Cascades National Park,"30,885","$1,528",15,$698,"$1,207","$1,795"
2020,OLYM,Olympic National Park,"2,499,178","$213,024","2,412","$103,933","$191,636","$291,362"
2020,PEFO,Petrified Forest National Park,"384,484","$25,308",328,"$8,416","$15,422","$27,947"
2020,PINN,Pinnacles National Park,"165,741","$10,336",114,"$5,044","$8,068","$12,412"
2020,ROMO,Rocky Mountain National Park,"3,305,200","$224,393","3,190","$120,843","$208,088","$341,950"
2020,SAGU,Saguaro National Park,"762,226","$50,105",696,"$25,321","$44,102","$73,510"
2020,SEKI,Sequoia & Kings Canyon National Parks,"1,211,162","96,652","1,228","41,433","68,936","115,815"
2020,SHEN,Shenandoah National Park,"1,666,265","$107,396","1,314","$54,482","$90,608","$141,577"
2020,THRO,Theodore Roosevelt National Park,"551,304","$36,222",462,"$13,799","$23,317","$41,119"
2020,VIIS,Virgin Islands National Park,"167,540","$24,126",292,"$11,904","$22,171","$34,218"
2020,VOYA,Voyageurs National Park,"263,092","$21,474",310,"$8,123","$14,453","$26,221"
2020,WHSA,White Sands National Park (formerly White Sands National Monument),"415,383","$22,487",309,"$8,235","$14,056","$26,050"
2020,WICA,Wind Cave National Park,"448,406","$37,468",546,"$16,339","$28,363","$50,993"
2020,WRST,Wrangell - St. Elias National Park & Preserve,"16,655","$25,629",315,"$12,055","$22,571","$36,504"
2020,YELL,Yellowstone National Park,"3,806,306","$444,226","6,110","$194,281","$325,551","$560,441"
2020,YOSE,Yosemite National Park,"2,268,313","$273,842","3,410","$122,220","$208,964","$346,676"
2020,ZION,Zion National Park,"3,591,254","$207,909","3,464","$80,997","$142,615","$276,812"
2019,ACAD,Acadia National Park,"3,437,286","$379,517","5,474","$168,284","$298,961","$510,962"
2019,ARCH,Arches National Park,"1,659,702","$201,299","3,089","$81,926","$145,353","$264,383"
2019,BADL,Badlands National Park,"970,998","$63,503",890,"$25,075","$43,288","$79,643"
2019,BIBE,Big Bend National Park,"463,833","$41,295",601,"$13,546","$24,853","$46,648"
2019,BISC,Biscayne National Park,"708,522","$46,249",606,"$22,947","$39,769","$64,758"
2019,BLCA,Black Canyon Of The Gunnison National Park,"432,818","$27,599",344,"$11,743","$20,556","$33,976"
2019,BRCA,Bryce Canyon National Park,"2,594,904","$222,115","3,206","$83,420","$147,909","$268,899"
2019,CANY,Canyonlands National Park,"733,995","$45,909",647,"$17,170","$30,020","$54,806"
2019,CARE,Capitol Reef National Park,"1,226,519","$89,789","1,185","$31,281","$55,996","$101,742"
2019,CAVE,Carlsbad Caverns National Park,"440,691","$28,806",385,"$10,485","$17,735","$32,428"
2019,CHIS,Channel Islands National Park,"409,630","$25,285",314,"$13,835","$22,621","$35,685"
2019,CONG,Congaree National Park,"159,445","$8,173",102,"$3,143","$5,606","$9,643"
2019,CRLA,Crater Lake National Park,"704,511","$61,780",892,"$29,210","$48,118","$82,859"
2019,CUVA,Cuyahoga Valley National Park,"2,237,997","$39,503",579,"$19,865","$33,169","$57,220"
2019,DEVA,Death Valley National Park,"1,740,945","$147,122","1,811","$70,634","$119,244","$190,145"
2019,DENA,Denali National Park & Preserve,"601,152","$612,770","7,490","$287,751","$541,354","$874,209"
2019,DRTO,Dry Tortugas National Park (formerly Fort Jefferson National Monument),"79,200","$4,836",55,"$1,953","$3,370","$5,448"
2019,EVER,Everglades National Park,"1,118,300","$110,371","1,508","$57,472","$101,388","$164,874"
2019,GAAR,Gates of the Arctic National Park & Preserve,"10,518","$16,078",198,"$7,546","$14,125","$22,877"
2019,JEFF,Gateway Arch National Park (formerly Jefferson National Expansion Memorial),"10,518","$16,078",198,"$7,546","$14,125","$22,877"
2019,GLBA,Glacier Bay National Park & Preserve,"672,087","$246,447","2,929","$121,238","$213,514","$402,334"
2019,GLAC,Glacier National Park,"3,049,840","$356,112","5,395","$169,133","$278,790","$501,198"
2019,GOSP,Golden Spike National Park (Historic Site),"108,153","$6,278",95,"$2,957","$4,994","$8,840"
2019,GRCA,Grand Canyon National Park,"5,974,410","$891,243","11,806","$354,979","$634,575","$1,089,195"
2019,GRTE,Grand Teton National Park,"3,405,614","$629,536","8,638","$274,619","$463,007","$795,638"
2019,GRBA,Great Basin National Park,"131,802","$7,767",108,"$2,393","$4,183","$8,018"
2019,GRSA,Great Sand Dunes National Park & Preserve,"527,546","$33,090",449,"$13,028","$22,828","$40,140"
2019,GRSM,Great Smoky Mountains National Park,"12,547,743","$1,054,815","15,176","$482,218","$824,057","$1,427,790"
2019,GUMO,Guadalupe Mountains National Park,"188,833","$11,880",166,"$4,478","$7,807","$14,306"
2019,HALE,Haleakalā National Park,"994,393","$64,738",684,"$29,104","$53,202","$81,590"
2019,HAVO,Hawai'i Volcanoes National Park,"1,368,375","$116,455","1,279","$53,795","$99,886","$153,036"
2019,HOSP,Hot Springs National Park,"1,467,153","$95,358","1,420","$36,590","$68,395","$124,191"
2019,INDU,Indiana Dunes National Park (National Lakeshore),"2,134,285","$95,259","1,143","$49,230","$83,336","$129,794"
2019,ISRO,Isle Royale National Park,"26,410","$6,188",92,"$1,990","$3,780","$7,132"
2019,JOTR,Joshua Tree National Park,"2,988,547","$149,952","1,864","$73,726","$125,566","$200,853"
2019,KATM,Katmai National Park & Preserve,"84,167","$128,681","1,584","$60,394","$113,052","$183,096"
2019,KEFJ,Kenai Fjords National Park,"356,601","$65,496","1,118","$35,714","$54,627","$94,273"
2019,KOVA,Kobuk Valley National Park,"15,766","$24,106",297,"$11,314","$21,178","$34,300"
2019,LACL,Lake Clark National Park & Preserve,"17,157","$26,230",323,"$12,311","$23,045","$37,322"
2019,LAVO,Lassen Volcanic National Park,"517,038","$31,906",427,"$12,286","$20,404","$36,199"
2019,MACA,Mammoth Cave National Park,"551,589","$48,079",637,"$23,517","$40,341","$66,053"
2019,MEVE,Mesa Verde National Park,"556,204","$58,125",822,"$22,175","$39,857","$72,042"
2019,MORA,Mount Rainier National Park,"1,501,621","$55,866",608,"$25,656","$45,985","$70,187"
2019,NOCA,North Cascades National Park,"38,208","$1,895",19,$864,"$1,498","$2,230"
2019,OLYM,Olympic National Park,"3,245,805","$276,115","3,131","$134,438","$248,304","$377,779"
2019,PEFO,Petrified Forest National Park,"643,588","$42,045",545,"$13,954","$25,568","$46,362"
2019,PINN,Pinnacles National Park,"177,224","$10,541",123,"$5,313","$8,417","$12,982"
2019,ROMO,Rocky Mountain National Park,"4,670,053","$313,577","4,467","$168,502","$289,999","$476,771"
2019,SAGU,Saguaro National Park,"1,020,225","$66,652",928,"$33,624","$58,566","$97,662"
2019,SEKI,Sequoia & Kings Canyon National Parks,"1,878,164","152,119","1,946","65,406","108,270","181,809"
2019,SHEN,Shenandoah National Park,"1,425,507","$96,711","1,194","$49,470","$82,427","$128,845"
2019,THRO,Theodore Roosevelt National Park,"691,658","$44,336",565,"$16,871","$28,406","$50,057"
2019,VIIS,Virgin Islands National Park,"133,398","$19,527",224,"$9,420","$17,757","$27,012"
2019,VOYA,Voyageurs National Park,"232,974","$19,250",278,"$7,266","$13,025","$23,675"
2019,WHSA,White Sands National Park (formerly White Sands National Monument),"608,786","$32,715",449,"$11,949","$20,390","$37,809"
2019,WICA,Wind Cave National Park,"615,350","$51,037",745,"$22,214","$38,559","$69,366"
2019,WRST,Wrangell - St. Elias National Park & Preserve,"74,518","$113,929","1,402","$53,471","$100,092","$162,106"
2019,YELL,Yellowstone National Park,"4,020,288","$506,906","7,003","$221,794","$372,399","$642,052"
2019,YOSE,Yosemite National Park,"4,422,862","$546,596","6,815","$243,706","$415,390","$688,972"
2019,ZION,Zion National Park,"4,488,267","$258,364","4,322","$100,555","$176,967","$343,855"
2018,ACAD,Acadia National Park,"3,537,575","$387,654","5,602","$171,668","$304,982","$521,454"
2018,ARCH,Arches National Park,"1,663,556","$200,337","3,079","$81,408","$144,434","$262,845"
2018,BADL,Badlands National Park,"1,008,942","$65,840",924,"$25,954","$44,838","$82,542"
2018,BIBE,Big Bend National Park,"440,091","$38,865",567,"$12,734","$23,309","$43,775"
2018,BISC,Biscayne National Park,"469,254","$30,309",398,"$15,004","$25,993","$42,347"
2018,BLCA,Black Canyon Of The Gunnison National Park,"308,962","$19,315",241,"$8,192","$14,317","$23,677"
2018,BRCA,Bryce Canyon National Park,"2,679,478","$227,305","3,288","$85,163","$150,944","$274,654"
2018,CANY,Canyonlands National Park,"739,450","$45,776",646,"$17,081","$29,852","$54,529"
2018,CARE,Capitol Reef National Park,"1,227,626","$89,216","1,178","$31,022","$55,530","$100,955"
2018,CAVE,Carlsbad Caverns National Park,"465,912","$30,238",404,"$10,985","$18,580","$33,994"
2018,CHIS,Channel Islands National Park,"366,249","$22,907",286,"$12,537","$20,543","$32,437"
2018,CONG,Congaree National Park,"145,928","$7,415",93,"$2,844","$5,072","$8,730"
2018,CRLA,Crater Lake National Park,"720,658","$62,399",903,"$29,473","$48,410","$83,368"
2018,CUVA,Cuyahoga Valley National Park,"2,096,053","$36,811",540,"$18,481","$30,864","$53,263"
2018,DEVA,Death Valley National Park,"1,678,659","$141,260","1,743","$67,734","$114,308","$182,390"
2018,DENA,Denali National Park & Preserve,"594,661","$602,445","7,368","$282,255","$530,916","$858,582"
2018,DRTO,Dry Tortugas National Park (formerly Fort Jefferson National Monument),"56,810","$3,426",39,"$1,380","$2,379","$3,849"
2018,EVER,Everglades National Park,"597,124","$58,664",803,"$30,497","$53,840","$87,604"
2018,GAAR,Gates of the Arctic National Park & Preserve,"9,591","$14,567",179,"$6,821","$12,767","$20,705"
2018,JEFF,Gateway Arch National Park (formerly Jefferson National Expansion Memorial),"2,016,179","$202,653","3,409","$108,440","$181,307","$319,322"
2018,GLBA,Glacier Bay National Park & Preserve,"597,916","$217,161","2,582","$106,863","$188,142","$354,389"
2018,GLAC,Glacier National Park,"2,965,310","$344,287","5,225","$163,216","$269,031","$484,016"
2018,GOSP,Golden Spike National Park (Historic Site),"60,129","$3,467",53,"$1,629","$2,752","$4,874"
2018,GRCA,Grand Canyon National Park,"6,380,494","$947,119","12,558","$376,702","$673,460","$1,156,748"
2018,GRTE,Grand Teton National Park,"3,491,151","$628,933","8,624","$273,462","$460,520","$791,628"
2018,GRBA,Great Basin National Park,"153,094","$8,795",122,"$2,703","$4,710","$9,023"
2018,GRSA,Great Sand Dunes National Park & Preserve,"442,906","$27,414",372,"$10,767","$18,850","$33,160"
2018,GRSM,Great Smoky Mountains National Park,"11,421,201","$953,130","13,737","$434,943","$743,083","$1,288,291"
2018,GUMO,Guadalupe Mountains National Park,"172,347","$10,710",150,"$4,028","$7,017","$12,863"
2018,HALE,Haleakalā National Park,"1,044,083","$67,459",714,"$30,261","$55,313","$84,872"
2018,HAVO,Hawai'i Volcanoes National Park,"1,116,890","$94,118","1,035","$43,374","$80,559","$123,476"
2018,HOSP,Hot Springs National Park,"1,506,887","$97,291","1,451","$37,263","$69,654","$126,546"
2018,INDU,Indiana Dunes National Park (National Lakeshore),"1,756,080","$77,852",936,"$40,147","$67,960","$105,893"
2018,ISRO,Isle Royale National Park,"25,798","$5,655",85,"$1,806","$3,404","$6,454"
2018,JOTR,Joshua Tree National Park,"2,942,381","$146,479","1,823","$71,879","$122,394","$195,883"
2018,KATM,Katmai National Park & Preserve,"37,818","$57,441",707,"$26,899","$50,342","$81,645"
2018,KEFJ,Kenai Fjords National Park,"321,596","$58,752","1,004","$31,995","$48,971","$84,499"
2018,KOVA,Kobuk Valley National Park,"14,937","$22,686",279,"$10,624","$19,882","$32,245"
2018,LACL,Lake Clark National Park & Preserve,"14,479","$21,992",271,"$10,298","$19,274","$31,259"
2018,LAVO,Lassen Volcanic National Park,"499,435","$30,328",406,"$11,645","$19,321","$34,285"
2018,MACA,Mammoth Cave National Park,"533,206","$45,094",598,"$21,969","$37,614","$61,621"
2018,MEVE,Mesa Verde National Park,"563,421","$58,513",828,"$22,283","$40,058","$72,444"
2018,MORA,Mount Rainier National Park,"1,518,491","$54,896",597,"$25,091","$44,787","$68,415"
2018,NOCA,North Cascades National Park,"30,085","$1,375",14,$623,"$1,059","$1,576"
2018,OLYM,Olympic National Park,"3,104,455","$261,607","2,972","$127,188","$234,553","$357,063"
2018,PEFO,Petrified Forest National Park,"644,921","$41,835",542,"$13,858","$25,392","$46,072"
2018,PINN,Pinnacles National Park,"222,152","$13,119",153,"$6,600","$10,456","$16,135"
2018,ROMO,Rocky Mountain National Park,"4,590,493","$305,593","4,363","$163,899","$282,015","$463,860"
2018,SAGU,Saguaro National Park,"957,405","$62,099",866,"$31,267","$54,459","$90,857"
2018,SEKI,Sequoia & Kings Canyon National Parks,"1,928,617","155,577","1,995","66,880","110,571","185,782"
2018,SHEN,Shenandoah National Park,"1,264,880","$86,905","1,077","$44,522","$74,222","$116,074"
2018,THRO,Theodore Roosevelt National Park,"749,389","$47,862",611,"$18,174","$30,622","$54,011"
2018,VIIS,Virgin Islands National Park,"112,287","$16,322",188,"$7,858","$14,810","$22,550"
2018,VOYA,Voyageurs National Park,"239,657","$19,541",283,"$7,365","$13,156","$23,914"
2018,WHSA,White Sands National Park (formerly White Sands National Monument),"603,008","$32,192",443,"$11,731","$20,017","$37,145"
2018,WICA,Wind Cave National Park,"656,398","$66,631","1,009","$28,728","$48,468","$88,760"
2018,WRST,Wrangell - St. Elias National Park & Preserve,"79,450","$120,679","1,486","$56,512","$105,764","$171,530"
2018,YELL,Yellowstone National Park,"4,115,001","$512,566","7,089","$223,866","$375,210","$647,091"
2018,YOSE,Yosemite National Park,"4,009,438","$495,245","6,184","$220,522","$376,018","$624,129"
2018,ZION,Zion National Park,"4,320,032","$246,236","4,130","$95,644","$168,265","$327,236"
2017,ACAD,Acadia National Park,"3,509,271","$284,459.80","4,163","$107,621.50","$185,248.30","$338,873.80"
2017,ARCH,Arches National Park,"1,539,028","$182,505.50","2,869","$75,990.70","$132,261.20","$241,343.90"
2017,BADL,Badlands National Park,"1,054,325","$66,005.90",952,"$24,990.80","$43,349.70","$80,730.60"
2017,BIBE,Big Bend National Park,"440,275","$37,305.30",541,"$12,524.50","$22,453.30","$40,902.00"
2017,BISC,Biscayne National Park,"446,961","$27,986.70",364,"$14,021.50","$23,872.50","$38,537.60"
2017,BLCA,Black Canyon Of The Gunnison National Park,"307,142","$18,656.50",236,"$8,240.10","$13,927.20","$22,906.60"
2017,BRCA,Bryce Canyon National Park,"2,571,684","$212,958.50","3,119","$83,429.60","$141,782.30","$256,381.00"
2017,CANY,Canyonlands National Park,"742,272","$44,541.80",640,"$16,852.20","$28,871.10","$52,753.10"
2017,CARE,Capitol Reef National Park,"1,150,165","$81,284.40","1,100","$29,476.70","$50,867.70","$91,814.00"
2017,CAVE,Carlsbad Caverns National Park,"520,026","$32,750.00",458,"$11,451.90","$19,573.00","$36,169.00"
2017,CHIS,Channel Islands National Park,"383,687","$23,095.10",308,"$12,296.30","$19,927.00","$32,268.80"
2017,CONG,Congaree National Park,"159,595","$7,827.50",101,"$2,856.70","$5,168.70","$9,068.20"
2017,CRLA,Crater Lake National Park,"711,749","$59,899.50",981,"$26,785.40","$43,488.30","$80,578.30"
2017,CUVA,Cuyahoga Valley National Park,"2,226,879","$63,098.60",931,"$26,600.70","$44,137.60","$78,148.10"
2017,DEVA,Death Valley National Park,"1,294,827","$106,839.20","1,393","$49,949.80","$84,839.40","$137,800.90"
2017,DENA,Denali National Park & Preserve,"642,809","$632,370.40","8,154","$293,019.80","$558,321.10","$924,184.00"
2017,DRTO,Dry Tortugas National Park (formerly Fort Jefferson National Monument),"54,280","$3,190.30",38,"$1,252.90","$2,152.60","$3,496.40"
2017,EVER,Everglades National Park,"1,018,557","$97,398.30","1,320","$51,298.30","$89,354.80","$144,384.70"
2017,GAAR,Gates of the Arctic National Park & Preserve,"11,177","$17,161.40",223,"$7,944.00","$15,064.80","$25,016.40"
2017,JEFF,Gateway Arch National Park (formerly Jefferson National Expansion Memorial),"1,398,188","$135,944.10","2,340","$70,880.60","$119,724.60","$211,521.20"
2017,GLBA,Glacier Bay National Park & Preserve,"547,057","$113,804.70","2,090","$58,757.90","$94,544.60","$167,810.30"
2017,GLAC,Glacier National Park,"3,305,513","$275,137.30","4,602","$121,084.80","$194,557.50","$368,641.40"
2017,GOSP,Golden Spike National Park (Historic Site),"67,811","$3,799.30",58,"$1,771.40","$2,961.50","$5,258.90"
2017,GRCA,Grand Canyon National Park,"6,254,238","$666,912.80","9,423","$329,315.30","$581,624.30","$938,010.80"
2017,GRTE,Grand Teton National Park,"3,316,999","$589,903.90","8,694","$259,807.10","$421,551.80","$744,286.50"
2017,GRBA,Great Basin National Park,"168,027","$9,694.10",137,"$3,038.00","$5,263.20","$10,039.20"
2017,GRSA,Great Sand Dunes National Park & Preserve,"486,935","$29,582.60",408,"$11,243.80","$19,328.30","$34,602.20"
2017,GRSM,Great Smoky Mountains National Park,"11,338,893","$922,947.10","13,942","$405,780.50","$695,842.30","$1,237,735.00"
2017,GUMO,Guadalupe Mountains National Park,"225,257","$13,646.20",197,"$4,880.60","$8,712.30","$16,090.40"
2017,HALE,Haleakalā National Park,"1,112,390","$69,751.10",819,"$32,188.80","$56,282.00","$89,290.30"
2017,HAVO,Hawai'i Volcanoes National Park,"2,016,702","$166,177.30","2,020","$78,840.60","$140,441.10","$222,394.90"
2017,HOSP,Hot Springs National Park,"1,561,615","$97,854.30","1,494","$37,994.10","$70,417.10","$127,057.80"
2017,INDU,Indiana Dunes National Park (National Lakeshore),"2,158,471","$92,046.00","1,183","$45,690.60","$77,894.60","$124,216.90"
2017,ISRO,Isle Royale National Park,"28,196","$6,156.90",97,"$1,968.20","$3,580.30","$7,124.60"
2017,JOTR,Joshua Tree National Park,"2,853,619","$137,625.40","1,789","$67,602.70","$112,140.80","$182,717.50"
2017,KATM,Katmai National Park & Preserve,"37,818","$58,068.20",756,"$26,879.70","$50,974.00","$84,646.60"
2017,KEFJ,Kenai Fjords National Park,"303,598","$53,511.20","1,046","$28,170.70","$43,720.00","$78,907.30"
2017,KOVA,Kobuk Valley National Park,"15,500","$23,799.90",310,"$11,016.90","$20,892.30","$34,693.40"
2017,LACL,Lake Clark National Park & Preserve,"22,755","$34,939.20",455,"$16,173.30","$30,670.70","$50,931.30"
2017,LAVO,Lassen Volcanic National Park,"507,256","$30,096.80",437,"$11,492.50","$18,690.00","$34,535.70"
2017,MACA,Mammoth Cave National Park,"587,854","$48,145.50",706,"$22,993.60","$39,264.50","$66,846.60"
2017,MEVE,Mesa Verde National Park,"613,789","$62,294.40",909,"$24,336.90","$42,533.30","$77,020.30"
2017,MORA,Mount Rainier National Park,"1,415,867","$50,573.20",621,"$21,716.40","$39,617.80","$63,485.90"
2017,NOCA,North Cascades National Park,"30,326","$1,361.50",16,$575.40,"$1,005.50","$1,577.90"
2017,OLYM,Olympic National Park,"3,401,997","$279,392.00","3,556","$128,527.50","$240,936.30","$384,683.90"
2017,PEFO,Petrified Forest National Park,"627,756","$39,510.10",525,"$13,830.80","$24,164.70","$43,524.80"
2017,PINN,Pinnacles National Park,"233,334","$13,340.60",171,"$6,514.00","$10,259.50","$16,391.30"
2017,ROMO,Rocky Mountain National Park,"4,437,215","$286,151.80","4,207","$155,166.90","$261,229.80","$432,847.00"
2017,SAGU,Saguaro National Park,"964,759","$60,716.80",866,"$31,346.00","$52,701.70","$88,682.50"
2017,SEKI,Sequoia & Kings Canyon National Parks,"1,984,188","154,623","2,178","65,080","106,467","187,184"
2017,SHEN,Shenandoah National Park,"1,458,874","$95,825.50","1,204","$47,204.10","$79,270.20","$126,030.00"
2017,THRO,Theodore Roosevelt National Park,"708,003","$43,856.60",552,"$16,655.40","$27,445.30","$47,214.60"
2017,VIIS,Virgin Islands National Park,"304,408","$42,473.90",563,"$21,683.60","$38,559.90","$61,113.10"
2017,VOYA,Voyageurs National Park,"237,249","$18,886.20",273,"$7,070.10","$12,522.10","$22,826.70"
2017,WHSA,White Sands National Park (formerly White Sands National Monument),"612,468","$31,709.20",450,"$10,893.40","$19,054.40","$35,729.70"
2017,WICA,Wind Cave National Park,"619,924","$60,741.20",967,"$25,036.70","$42,686.60","$79,630.90"
2017,WRST,Wrangell - St. Elias National Park & Preserve,"68,292","$104,859.20","1,366","$48,539.20","$92,048.50","$152,854.50"
2017,YELL,Yellowstone National Park,"4,116,523","$498,822.70","7,354","$219,795.60","$354,627.40","$629,626.00"
2017,YOSE,Yosemite National Park,"4,336,889","$451,782.00","6,666","$204,703.40","$335,524.60","$589,343.70"
2017,ZION,Zion National Park,"4,504,812","$250,884.60","3,192","$119,715.90","$214,958.50","$341,477.50"
2016,ACAD,Acadia National Park,"3,303,394","$274,208.80","4,195","$111,087.10","$188,275.10","$332,786.30"
2016,ARCH,Arches National Park,"1,585,719","$188,802.50","3,120","$78,699.10","$142,124.60","$251,620.40"
2016,BADL,Badlands National Park,"996,263","$63,746.60","1,031","$24,935.90","$41,060.90","$79,640.50"
2016,BIBE,Big Bend National Park,"388,290","$34,197.40",510,"$11,549.00","$20,972.40","$37,888.70"
2016,BISC,Biscayne National Park,"514,709","$33,004.10",461,"$18,188.90","$28,395.10","$45,979.90"
2016,BLCA,Black Canyon Of The Gunnison National Park,"238,017","$14,616.10",197,"$6,769.00","$11,041.60","$18,040.20"
2016,BRCA,Bryce Canyon National Park,"2,365,111","$200,974.10","3,036","$78,944.80","$139,455.70","$244,697.30"
2016,CANY,Canyonlands National Park,"776,217","$47,639.70",722,"$18,085.80","$32,425.20","$57,605.30"
2016,CARE,Capitol Reef National Park,"1,064,904","$77,047.50","1,083","$28,532.10","$50,125.30","$88,246.30"
2016,CAVE,Carlsbad Caverns National Park,"466,772","$30,064.00",444,"$10,905.30","$18,277.60","$33,785.20"
2016,CHIS,Channel Islands National Park,"364,808","$22,436.00",315,"$12,610.70","$19,409.80","$31,882.70"
2016,CONG,Congaree National Park,"143,843","$7,307.30",101,"$2,816.10","$4,954.90","$8,529.80"
2016,CRLA,Crater Lake National Park,"756,343","$65,300.70","1,101","$31,401.20","$49,465.60","$89,386.80"
2016,CUVA,Cuyahoga Valley National Park,"2,423,391","$69,728.20","1,085","$31,246.90","$49,152.70","$87,223.80"
2016,DEVA,Death Valley National Park,"1,296,283","$108,077.80","1,505","$53,351.60","$86,468.10","$141,229.10"
2016,DENA,Denali National Park & Preserve,"587,412","$604,881.90","7,744","$286,405.40","$530,137.00","$864,377.50"
2016,DRTO,Dry Tortugas National Park (formerly Fort Jefferson National Monument),"73,661","$4,410.00",54,"$1,837.70","$2,996.00","$4,869.20"
2016,EVER,Everglades National Park,"930,907","$91,321.40","1,330","$52,994.10","$84,126.20","$136,391.80"
2016,GAAR,Gates of the Arctic National Park & Preserve,"10,047","$15,844.80",205,"$7,510.30","$13,788.60","$22,576.50"
2016,JEFF,Gateway Arch National Park (formerly Jefferson National Expansion Memorial),"1,271,855","$127,061.70","2,296","$70,346.10","$111,061.10","$198,145.00"
2016,GLBA,Glacier Bay National Park & Preserve,"2,946,681","$250,815.50","4,337","$117,600.50","$180,278.70","$339,014.10"
2016,GLAC,Glacier National Park,"520,171","$112,054.60","2,013","$60,733.30","$94,327.20","$161,071.60"
2016,GOSP,Golden Spike National Park (Historic Site),"5,969,811","$648,170.90","9,779","$334,219.80","$556,633.80","$904,315.70"
2016,GRCA,Grand Canyon National Park,"5,969,811","$648,170.90","9,779","$334,219.80","$556,633.80","$904,315.70"
2016,GRTE,Grand Teton National Park,"3,270,075","$597,290.50","9,365","$274,744.80","$439,366.40","$779,479.80"
2016,GRBA,Great Basin National Park,"144,847","$8,362.40",122,"$2,725.70","$4,863.80","$8,861.70"
2016,GRSA,Great Sand Dunes National Park & Preserve,"388,307","$23,701.00",348,"$9,194.60","$16,456.80","$28,938.70"
2016,GRSM,Great Smoky Mountains National Park,"11,312,786","$942,731.80","14,673","$426,908.80","$745,508.10","$1,277,787.60"
2016,GUMO,Guadalupe Mountains National Park,"181,838","$11,240.20",169,"$4,228.50","$7,384.40","$13,510.20"
2016,HALE,Haleakalā National Park,"1,263,559","$81,087.90",951,"$37,094.30","$62,840.30","$97,639.80"
2016,HAVO,Hawai'i Volcanoes National Park,"1,887,580","$159,195.50","1,917","$74,345.70","$129,139.80","$199,923.40"
2016,HOSP,Hot Springs National Park,"1,544,301","$98,960.20","1,584","$41,152.80","$69,807.10","$126,576.10"
2016,INDU,Indiana Dunes National Park (National Lakeshore),,,,,,
2016,ISRO,Isle Royale National Park,"24,966","$5,600.70",92,"$1,995.70","$3,518.90","$6,541.20"
2016,JOTR,Joshua Tree National Park,"2,505,286","$123,304.50","1,701","$63,662.00","$100,692.70","$164,529.90"
2016,KATM,Katmai National Park & Preserve,"37,818","$59,643.20",776,"$28,270.50","$51,903.30","$84,982.40"
2016,KEFJ,Kenai Fjords National Park,"346,534","$62,784.50","1,200","$34,936.90","$52,200.00","$90,223.90"
2016,KOVA,Kobuk Valley National Park,"15,500","$24,445.40",318,"$11,587.00","$21,273.20","$34,831.00"
2016,LACL,Lake Clark National Park & Preserve,"21,102","$33,280.30",432,"$15,774.60","$28,961.50","$47,419.30"
2016,LAVO,Lassen Volcanic National Park,"536,068","$32,639.40",478,"$12,093.60","$21,362.90","$37,514.10"
2016,MACA,Mammoth Cave National Park,"586,515","$49,629.70",764,"$24,024.90","$39,764.50","$67,961.50"
2016,MEVE,Mesa Verde National Park,"583,527","$60,591.00",883,"$23,648.10","$42,203.30","$73,272.90"
2016,MORA,Mount Rainier National Park,"1,356,913","$50,720.60",654,"$23,276.70","$40,311.50","$64,807.90"
2016,NOCA,North Cascades National Park,"28,646","$1,289.00",15,$553.10,$933.20,"$1,488.90"
2016,OLYM,Olympic National Park,"3,390,221","$286,786.30","3,842","$138,786.90","$246,007.50","$398,689.90"
2016,PEFO,Petrified Forest National Park,"643,273","$41,429.10",568,"$14,902.30","$26,303.00","$45,858.20"
2016,PINN,Pinnacles National Park,"215,555","$12,603.20",172,"$6,290.30","$9,570.00","$15,483.60"
2016,ROMO,Rocky Mountain National Park,"4,517,586","$298,746.70","4,575","$169,248.10","$273,812.20","$455,824.70"
2016,SAGU,Saguaro National Park,"820,427","$52,811.20",762,"$27,404.10","$44,829.80","$74,230.90"
2016,SEKI,Sequoia & Kings Canyon National Parks,"1,862,167","148,149","2,130","61,261","104,482","180,593"
2016,SHEN,Shenandoah National Park,"1,437,341","$96,204.10","1,278","$50,004.00","$79,138.60","$126,153.40"
2016,THRO,Theodore Roosevelt National Park,"753,880","$47,793.70",654,"$17,797.10","$28,484.60","$51,009.70"
2016,VIIS,Virgin Islands National Park,"411,343","$59,829.10",779,"$29,448.50","$51,991.30","$80,376.40"
2016,VOYA,Voyageurs National Park,"241,911","$19,780.20",310,"$7,616.10","$13,551.40","$24,601.60"
2016,WHSA,White Sands National Park (formerly White Sands National Monument),"555,794","$29,298.60",437,"$10,591.70","$18,186.50","$33,565.90"
2016,WICA,Wind Cave National Park,"617,377","$62,282.90","1,066","$25,980.00","$42,848.50","$82,815.20"
2016,WRST,Wrangell - St. Elias National Park & Preserve,"79,047","$124,665.50","1,619","$59,090.60","$108,487.80","$177,629.40"
2016,YELL,Yellowstone National Park,"4,257,177","$524,319.80","8,156","$238,536.40","$383,908.10","$680,381.80"
2016,YOSE,Yosemite National Park,"5,028,868","$520,629.10","7,883","$238,955.10","$401,329.80","$686,339.50"
2016,ZION,Zion National Park,"4,295,127","$244,531.70","3,382","$126,205.30","$208,287.20","$333,151.70"
2015,ACAD,Acadia National Park,"2,811,184","$247,910.80","3,878","$102,112.70","$172,526.10","$304,623.50"
2015,ARCH,Arches National Park,"1,399,247","$162,718.20","2,711","$67,949.50","$122,729.00","$216,319.60"
2015,BADL,Badlands National Park,"989,354","$62,209.20","1,015","$24,363.70","$40,138.30","$77,537.90"
2015,BIBE,Big Bend National Park,"381,747","$33,426.30",503,"$11,340.10","$20,658.10","$37,168.80"
2015,BISC,Biscayne National Park,"508,164","$31,927.30",450,"$17,612.10","$27,499.20","$44,346.60"
2015,BLCA,Black Canyon Of The Gunnison National Park,"209,165","$12,723.90",173,"$5,910.70","$9,646.10","$15,694.20"
2015,BRCA,Bryce Canyon National Park,"1,745,804","$145,879.80","2,222","$57,396.80","$101,401.90","$177,146.20"
2015,CANY,Canyonlands National Park,"634,607","$37,958.80",579,"$14,404.70","$25,823.10","$45,671.40"
2015,CARE,Capitol Reef National Park,"941,029","$66,601.60",944,"$24,704.50","$43,401.30","$76,025.90"
2015,CAVE,Carlsbad Caverns National Park,"445,721","$28,116.10",419,"$10,206.40","$17,110.30","$31,490.50"
2015,CHIS,Channel Islands National Park,"324,815","$19,286.20",275,"$10,812.00","$16,635.20","$27,222.90"
2015,CONG,Congaree National Park,"87,513","$4,370.20",61,"$1,683.70","$2,963.60","$5,081.20"
2015,CRLA,Crater Lake National Park,"614,712","$52,185.00",887,"$25,122.60","$39,571.10","$71,212.40"
2015,CUVA,Cuyahoga Valley National Park,"2,284,612","$144,710.30","2,415","$71,441.70","$114,672.20","$203,002.90"
2015,DEVA,Death Valley National Park,"1,154,843","$95,036.90","1,336","$47,073.20","$76,298.40","$124,098.20"
2015,DENA,Denali National Park & Preserve,"560,757","$567,166.40","7,300","$269,162.20","$499,126.00","$810,349.00"
2015,DRTO,Dry Tortugas National Park (formerly Fort Jefferson National Monument),"70,862","$4,235.90",52,"$1,772.30","$2,893.30","$4,681.70"
2015,EVER,Everglades National Park,"1,077,427","$103,392.60","1,521","$60,129.10","$95,467.10","$154,124.50"
2015,GAAR,Gates of the Arctic National Park & Preserve,"10,745","$16,576.90",217,"$7,877.40","$14,464.70","$23,600.40"
2015,JEFF,Gateway Arch National Park (formerly Jefferson National Expansion Memorial),"1,698,656","$165,967.80","3,026","$92,108.60","$145,435.40","$258,440.40"
2015,GLBA,Glacier Bay National Park & Preserve,"551,353","$112,754.20","2,060","$61,472.60","$94,882.20","$161,779.70"
2015,GLAC,Glacier National Park,"2,366,057","$198,966.00","3,474","$93,528.80","$143,420.80","$268,619.60"
2015,GOSP,Golden Spike National Park (Historic Site),"59,147","$3,313.50",55,"$1,623.80","$2,553.20","$4,570.30"
2015,GRCA,Grand Canyon National Park,"5,520,736","$584,890.90","8,897","$301,914.60","$502,940.40","$813,705.80"
2015,GRTE,Grand Teton National Park,"3,149,920","$560,394.40","8,862","$258,250.20","$412,894.30","$728,987.80"
2015,GRBA,Great Basin National Park,"116,124","$6,461.20",94,"$2,098.10","$3,741.40","$6,786.00"
2015,GRSA,Great Sand Dunes National Park & Preserve,"299,513","$17,752.70",263,"$6,878.30","$12,308.20","$21,546.40"
2015,GRSM,Great Smoky Mountains National Park,"10,712,673","$873,886.50","13,709","$396,249.70","$692,101.00","$1,181,331.90"
2015,GUMO,Guadalupe Mountains National Park,"169,535","$10,305.20",157,"$3,880.80","$6,781.00","$12,360.10"
2015,HALE,Haleakalā National Park,"1,216,772","$76,462.50",905,"$35,009.50","$59,315.90","$91,758.70"
2015,HAVO,Hawai'i Volcanoes National Park,"1,832,660","$151,246.20","1,834","$70,723.60","$122,863.00","$189,391.10"
2015,HOSP,Hot Springs National Park,"1,418,163","$88,953.70","1,433","$37,014.60","$62,800.40","$113,410.80"
2015,INDU,Indiana Dunes National Park (National Lakeshore),"1,640,195","$69,879.40",976,"$37,303.10","$58,793.10","$95,166.00"
2015,ISRO,Isle Royale National Park,"18,684","$4,084.50",66,"$1,449.60","$2,556.50","$4,733.60"
2015,JOTR,Joshua Tree National Park,"2,025,755","$96,741.30","1,341","$49,858.50","$78,826.50","$128,226.70"
2015,KATM,Katmai National Park & Preserve,"37,818","$58,343.10",765,"$27,725.00","$50,909.20","$83,062.70"
2015,KEFJ,Kenai Fjords National Park,"296,697","$59,320.60","1,092","$32,447.50","$49,840.00","$85,107.80"
2015,KOVA,Kobuk Valley National Park,0,$0.00,0,$0.00,$0.00,$0.00
2015,LACL,Lake Clark National Park & Preserve,"17,818","$27,488.60",361,"$13,062.70","$23,986.10","$39,135.30"
2015,LAVO,Lassen Volcanic National Park,"468,092","$27,361.50",403,"$10,117.40","$17,837.90","$31,159.40"
2015,MACA,Mammoth Cave National Park,"566,895","$48,102.80",749,"$23,429.10","$38,796.00","$66,026.30"
2015,MEVE,Mesa Verde National Park,"547,325","$55,447.00",814,"$21,666.00","$38,670.00","$66,816.10"
2015,MORA,Mount Rainier National Park,"1,237,232","$45,741.30",596,"$21,018.20","$36,426.80","$58,341.20"
2015,NOCA,North Cascades National Park,"20,677",$800.50,8,$327.70,$546.90,$868.80
2015,OLYM,Olympic National Park,"3,263,761","$270,618.60","3,654","$131,171.60","$232,596.40","$375,500.80"
2015,PEFO,Petrified Forest National Park,"793,226","$50,032.40",691,"$18,013.50","$31,798.70","$55,193.40"
2015,PINN,Pinnacles National Park,"206,532","$11,826.30",162,"$5,907.00","$8,987.90","$14,480.20"
2015,ROMO,Rocky Mountain National Park,"4,155,917","$268,391.40","4,144","$152,167.60","$246,198.30","$408,311.00"
2015,SAGU,Saguaro National Park,"753,446","$47,493.00",691,"$24,664.80","$40,354.40","$66,549.80"
2015,SEKI,Sequoia & Kings Canyon National Parks,"1,565,569","$123,279.20","1,788","$51,084.80","$87,266.90","$150,228.80"
2015,SHEN,Shenandoah National Park,"1,321,873","$87,870.20","1,179","$45,851.30","$72,593.90","$115,205.80"
2015,THRO,Theodore Roosevelt National Park,"580,033","$35,903.70",494,"$13,373.90","$21,405.80","$38,163.70"
2015,VIIS,Virgin Islands National Park,"438,371","$62,133.50",819,"$30,720.30","$54,179.00","$83,458.20"
2015,VOYA,Voyageurs National Park,"238,313","$18,992.10",301,"$7,310.30","$13,001.70","$23,501.10"
2015,WHSA,White Sands National Park (formerly White Sands National Monument),"497,506","$25,729.30",387,"$9,288.80","$15,953.90","$29,352.10"
2015,WICA,Wind Cave National Park,"612,199","$60,578.60","1,044","$25,322.60","$41,775.30","$80,365.10"
2015,WRST,Wrangell - St. Elias National Park & Preserve,"80,366","$123,983.80","1,622","$58,917.70","$108,186.10","$176,514.80"
2015,YELL,Yellowstone National Park,"4,097,709","$493,620.90","7,737","$224,826.50","$361,876.30","$638,574.70"
2015,YOSE,Yosemite National Park,"4,150,218","$449,080.80","6,887","$207,730.70","$348,826.20","$593,693.70"
2015,ZION,Zion National Park,"3,648,846","$202,198.40","2,823","$104,418.60","$172,318.20","$274,562.80"